student_id,subject,marks
1,Math,72
1,Science,56
1,English,79
2,Math,84
2,Science,55
2,English,68
3,Math,85
3,Science,68
3,English,65
4,Math,73
4,Science,52
4,English,65
5,Math,69
5,Science,33
5,English,50
6,Math,59
6,Science,45
6,English,75
7,Math,55
7,Science,40
7,English,89
8,Math,63
8,Science,59
8,English,54
9,Math,59
9,Science,59
9,English,57
10,Math,71
10,Science,50
10,English,67
11,Math,59
11,Science,82
11,English,71
12,Math,53
12,Science,69
12,English,56
13,Math,69
13,Science,33
13,English,55
14,Math,68
14,Science,68
14,English,73
15,Math,65
15,Science,54
15,English,53
16,Math,57
16,Science,52
16,English,84
17,Math,70
17,Science,35
17,English,75
18,Math,61
18,Science,49
18,English,78
19,Math,78
19,Science,70
19,English,61
20,Math,62
20,Science,62
20,English,83
21,Math,60
21,Science,56
21,English,58
22,Math,52
22,Science,69
22,English,87
23,Math,65
23,Science,71
23,English,75
24,Math,58
24,Science,63
24,English,89
25,Math,66
25,Science,78
25,English,40
26,Math,76
26,Science,59
26,English,67
27,Math,67
27,Science,32
27,English,68
28,Math,70
28,Science,77
28,English,65
29,Math,56
29,Science,51
29,English,82
30,Math,70
30,Science,51
30,English,77
31,Math,67
31,Science,71
31,English,63
32,Math,62
32,Science,53
32,English,53
33,Math,70
33,Science,61
33,English,71
34,Math,63
34,Science,40
34,English,66
35,Math,62
35,Science,48
35,English,69
36,Math,71
36,Science,83
36,English,73
37,Math,69
37,Science,57
37,English,48
38,Math,66
38,Science,59
38,English,100
39,Math,64
39,Science,62
39,English,71
40,Math,52
40,Science,73
40,English,80
41,Math,75
41,Science,46
41,English,88
42,Math,49
42,Science,66
42,English,97
43,Math,54
43,Science,51
43,English,72
44,Math,60
44,Science,38
44,English,72
45,Math,53
45,Science,64
45,English,60
46,Math,85
46,Science,48
46,English,67
47,Math,76
47,Science,42
47,English,74
48,Math,82
48,Science,37
48,English,73
49,Math,69
49,Science,68
49,English,56
50,Math,50
50,Science,65
50,English,75
51,Math,69
51,Science,63
51,English,63
52,Math,69
52,Science,62
52,English,62
53,Math,88
53,Science,64
53,English,57
54,Math,74
54,Science,45
54,English,80
55,Math,80
55,Science,47
55,English,83
56,Math,71
56,Science,69
56,English,94
57,Math,63
57,Science,48
57,English,60
58,Math,56
58,Science,57
58,English,75
59,Math,69
59,Science,69
59,English,71
60,Math,83
60,Science,55
60,English,100
61,Math,74
61,Science,47
61,English,58
62,Math,72
62,Science,55
62,English,80
63,Math,72
63,Science,57
63,English,61
64,Math,48
64,Science,52
64,English,81
65,Math,69
65,Science,42
65,English,73
66,Math,71
66,Science,47
66,English,73
67,Math,67
67,Science,43
67,English,75
68,Math,73
68,Science,72
68,English,84
69,Math,49
69,Science,46
69,English,77
70,Math,72
70,Science,65
70,English,100
71,Math,73
71,Science,73
71,English,82
72,Math,74
72,Science,54
72,English,80
73,Math,57
73,Science,55
73,English,65
74,Math,67
74,Science,88
74,English,49
75,Math,74
75,Science,37
75,English,65
76,Math,79
76,Science,59
76,English,58
77,Math,57
77,Science,67
77,English,62
78,Math,69
78,Science,59
78,English,63
79,Math,92
79,Science,66
79,English,47
80,Math,68
80,Science,49
80,English,81
81,Math,56
81,Science,57
81,English,77
82,Math,76
82,Science,42
82,English,67
83,Math,60
83,Science,50
83,English,92
84,Math,71
84,Science,42
84,English,82
85,Math,91
85,Science,71
85,English,53
86,Math,60
86,Science,74
86,English,63
87,Math,71
87,Science,68
87,English,60
88,Math,65
88,Science,16
88,English,59
89,Math,63
89,Science,42
89,English,91
90,Math,49
90,Science,52
90,English,73
91,Math,83
91,Science,39
91,English,85
92,Math,66
92,Science,45
92,English,77
93,Math,68
93,Science,50
93,English,72
94,Math,61
94,Science,59
94,English,79
95,Math,85
95,Science,42
95,English,97
96,Math,43
96,Science,56
96,English,78
97,Math,69
97,Science,50
97,English,69
98,Math,60
98,Science,50
98,English,81
99,Math,70
99,Science,49
99,English,82
100,Math,70
100,Science,69
100,English,79
